<?xml version="1.0" encoding="UTF-8"?>
<project-private xmlns="http://www.netbeans.org/ns/project-private/1">
    <editor-bookmarks xmlns="http://www.netbeans.org/ns/editor-bookmarks/2" lastBookmarkId="0"/>
    <open-files xmlns="http://www.netbeans.org/ns/projectui-open-files/2">
        <group>
            <file>file:/C:/Users/Ahmad%20kallab/Desktop/BTECs/Java%20BTEC/Task%202/BtecVehicleSearchTask2/src/btecvehiclesearchTask2/BtecVehicleSearchTask2.java</file>
            <file>file:/C:/Users/Ahmad%20kallab/Desktop/BTECs/Java%20BTEC/Task%202/BtecVehicleSearchTask2/src/btecvehiclesearchTask2/VehicleReportForm.java</file>
        </group>
    </open-files>
</project-private>
